Comment,Designator,Footprint,LCSC Part #

"10uF","C1, C2, C3, C4, C5, C6","1210_C","C22380050"
"100nF","C7, C13, C14, C23, C24, C25","0603_C","C14663"
"100.0 �F","C8, C9, C10, C11, C12, C15, C16, C19, C20, C21, C22","1206_C","C15008"
"22.0 pF","C17, C18","0603_C","C1653"
"25v 100uF","CPP1, CPP2, CPP3, CPP4","7343_Cap","C696814"
"MDD SS210","D1, D2, D3, D4, D5, D7","DO-214AC","C14996"
"1N5819WS","D6, D8, D9","SOD-323_Cap","C191023"
"MCP16331T-E/CH","IC1","SOT-23-6","C105695"
"JST SM06B-SRSS-TB(LF)(SN)","ISP","JST SM06B-SRSS-TB","C160405"
"2.2e-05 H","L1","WE-TPC-4818-M","C5914106"
"White","LB1, LB2, LS1, LS2, LS3, LS4, LS5, LS6, LS7, LS8, LS9, LS10, LS11, LS12, LS13, LS14, LS15, LS16, LS17, LS18, LS19, LS20, LS21, LS22, LS23, LS24, LVL1, LVL2, LVR1, LVR2","0805_Led","C497944"
"PluX22 Connector","PluX22","PluX22 Female Bottom","C22067139"
"MMBT5551LT1G","Q1, Q4, Q5, Q6, Q7, Q8, Q9, Q10, Q11, Q12, Q13","ONSC-SOT-23-3-318-08_V","C2145"
"Diodes Inc DMMT5401-7-F","Q2","DIOD-SOT-26-6_M","C154733"
"DMMT5551-7-F","Q3","DIOD-SOT-26-6_M","C445514"
"52.3 kO","R1, R4","0805_R","C17740"
"10.0 kO","R2, R7, R10","0805_R","C17414"
"2 kO","R3, R6, R11, R12, R13, R14, R15, R16, R17, R18, R19, R20","0805_R","C17604"
"120.0 O","R5","1206_Resistor","C17909"
"22.0 O","R8","0805_R","C17561"
"6.8 kO","R9","0805_R","C17772"
"470.0 O","R21, R22","0805_R","C17710"
"3.3 kO","RLB1, RLB2, RVL1, RVL2, RVR1, RVR2","0805_R","C26010"
"3.9 kO","RLS1, RLS2, RLS3, RLS4, RLS5, RLS6, RLS7, RLS8, RLS9, RLS10, RLS11, RLS12, RLS13, RLS14, RLS15, RLS16, RLS17, RLS18, RLS19, RLS20, RLS21, RLS22, RLS23, RLS24","0805_R","C17614"
"JST SM04B-SRSS-TB(LF)(SN)","SUSI","JST SM04B-SRSS-TB","C160404"
"ATmega128-16AU","U1","64A_M","C6510"
"16 MHz","Y1","PCB-73bh49k2ct94buydgloj-1","C13738"
